{
    "name": "DataFlash Arduino Library",
    "keywords": "arduino,avr,dataflash",
    "description": "Library for working with Atmel DataFlash",
    "version": "0.9.0",
    "id": 1971,
    "authors": {
        "name": "Rae McCallum",
        "maintainer": true,
        "url": null,
        "email": "rae.m.mccallum@gmail.com"
    },
    "downloadUrl": "https://github.com/Synapseware/dataflash-arduino-library/releases/dataflash-arduino-library-0.9.0.zip",
    "homepage": "",
    "repository": {
        "url": "https://github.com/Synapseware/dataflash-arduino-library",
        "type": "git"
    },
    "export": {
        "include": [
            "DataFlash.cpp",
            "DataFlash.h",
            "library.json"
        ]
    },
    "keywords": [
        "dataflash",
        "at25df",
        "flash"
    ],
    "frameworks": [
        "arduino"
    ],
    "platforms": [
        "atmelavr", 
        "atmelmegaavr", 
        "atmelsam", 
        "espressif32", 
        "espressif8266", 
        "gd32v", 
        "infineonxmc", 
        "intel_arc32", 
        "kendryte210", 
        "microchippic32", 
        "nordicnrf51", 
        "nordicnrf52", 
        "ststm32", 
        "ststm8", 
        "teensy", 
        "timsp430"
    ]
}
